Human_Time,Open_time,Open,High,Low,Close,Volume,Close_time,Quote_asset_volume,Number_of_trades,Taker_buy_base_asset_volume,Taker_buy_quote_asset_volume,Ignore
2025-12-31 16:30:00,1767169800000,0.3502,0.3502,0.3487,0.3493,1332900.9,1767170699999,466243.12534000,1105,226350.20000000,79095.78096000,0
2025-12-31 16:45:00,1767170700000,0.3493,0.3493,0.3487,0.349,139941.1,1767171599999,48836.37651000,344,85394.60000000,29797.49976000,0
2025-12-31 17:00:00,1767171600000,0.349,0.3494,0.3488,0.3488,98822.9,1767172499999,34504.52925000,273,38787.20000000,13541.34211000,0
2025-12-31 17:15:00,1767172500000,0.3489,0.3495,0.3487,0.3487,457455.8,1767173399999,159667.18355000,433,264971.10000000,92517.05215000,0
2025-12-31 17:30:00,1767173400000,0.3487,0.3498,0.3487,0.3494,120992.4,1767174299999,42264.60685000,248,56964.20000000,19900.55009000,0
2025-12-31 17:45:00,1767174300000,0.3494,0.3497,0.3493,0.3495,135758.7,1767175199999,47444.97905000,198,39365.70000000,13759.30585000,0
2025-12-31 18:00:00,1767175200000,0.3495,0.3501,0.3491,0.3498,360992.9,1767176099999,126262.51553000,525,179404.30000000,62752.29280000,0
2025-12-31 18:15:00,1767176100000,0.3499,0.3504,0.3492,0.3493,144721.3,1767176999999,50622.26709000,341,61744.10000000,21594.63982000,0
2025-12-31 18:30:00,1767177000000,0.3493,0.3495,0.349,0.3494,106043.5,1767177899999,37043.81252000,139,70753.60000000,24717.93880000,0
2025-12-31 18:45:00,1767177900000,0.3494,0.3502,0.3493,0.3501,148409.6,1767178799999,51894.33744000,204,44997.50000000,15743.67459000,0
2025-12-31 19:00:00,1767178800000,0.3502,0.351,0.3498,0.3506,181361.2,1767179699999,63558.06671000,273,121343.60000000,42523.50394000,0
2025-12-31 19:15:00,1767179700000,0.3506,0.3512,0.3503,0.3511,215303.4,1767180599999,75522.74682000,324,171517.00000000,60167.95880000,0
2025-12-31 19:30:00,1767180600000,0.3511,0.352,0.351,0.352,448847.1,1767181499999,157824.35957000,646,287707.80000000,101150.81229000,0
2025-12-31 19:45:00,1767181500000,0.3519,0.3519,0.3513,0.3516,200400.3,1767182399999,70472.08129000,263,73956.00000000,26012.68440000,0
2025-12-31 20:00:00,1767182400000,0.3517,0.3518,0.3504,0.3504,169657.8,1767183299999,59566.71436000,219,51288.60000000,18007.37700000,0
2025-12-31 20:15:00,1767183300000,0.3505,0.3507,0.3499,0.3501,159179.2,1767184199999,55739.71156000,305,74577.20000000,26117.28824000,0
2025-12-31 20:30:00,1767184200000,0.3501,0.3506,0.3494,0.3495,251464.2,1767185099999,87940.88762000,319,64801.80000000,22681.58249000,0
2025-12-31 20:45:00,1767185100000,0.3495,0.3498,0.3491,0.3497,248191.8,1767185999999,86718.79068000,283,83963.00000000,29347.07210000,0
2025-12-31 21:00:00,1767186000000,0.3496,0.3501,0.3493,0.3495,181715.7,1767186899999,63542.23772000,252,75978.80000000,26569.65003000,0
2025-12-31 21:15:00,1767186900000,0.3496,0.3503,0.3495,0.3499,90690.6,1767187799999,31742.91551000,186,52114.70000000,18238.34626000,0
2025-12-31 21:30:00,1767187800000,0.3498,0.3498,0.346,0.3478,890613.6,1767188699999,309624.37407000,1234,366211.00000000,127288.60189000,0
2025-12-31 21:45:00,1767188700000,0.3479,0.349,0.3476,0.3483,249098.5,1767189599999,86754.35543000,328,91664.70000000,31919.86272000,0
2025-12-31 22:00:00,1767189600000,0.3483,0.351,0.3483,0.3503,666769.4,1767190499999,233308.77487000,779,431123.30000000,150854.94493000,0
2025-12-31 22:15:00,1767190500000,0.3502,0.3504,0.3489,0.3489,260020.0,1767191399999,90917.78483000,277,132913.20000000,46497.82563000,0
2025-12-31 22:30:00,1767191400000,0.3489,0.3492,0.3477,0.348,312640.1,1767192299999,108877.23975000,584,113551.70000000,39549.64485000,0
2025-12-31 22:45:00,1767192300000,0.3481,0.3487,0.3471,0.348,295085.8,1767193199999,102607.24913000,557,113920.60000000,39619.27474000,0
2025-12-31 23:00:00,1767193200000,0.348,0.348,0.3444,0.3463,689507.2,1767194099999,238742.63645000,1327,246100.60000000,85252.59388000,0
2025-12-31 23:15:00,1767194100000,0.3462,0.3463,0.3444,0.3455,1003389.3,1767194999999,346414.92845000,1090,546711.10000000,188753.05579000,0
2025-12-31 23:30:00,1767195000000,0.3453,0.3456,0.3402,0.342,1610898.3,1767195899999,551024.75820000,2438,696189.10000000,238207.30978000,0
2025-12-31 23:45:00,1767195900000,0.3418,0.3427,0.3415,0.342,494802.7,1767196799999,169209.16492000,565,241834.20000000,82702.94582000,0
2026-01-01 00:00:00,1767196800000,0.342,0.3422,0.341,0.3414,333913.5,1767197699999,114040.84969000,446,122285.90000000,41769.91096000,0
2026-01-01 00:15:00,1767197700000,0.3413,0.3423,0.3403,0.3408,265973.9,1767198599999,90702.84395000,430,124134.20000000,42345.92191000,0
2026-01-01 00:30:00,1767198600000,0.3407,0.3407,0.3292,0.3338,3923749.9,1767199499999,1311819.63863000,5320,1537790.00000000,514529.55399000,0
2026-01-01 00:45:00,1767199500000,0.3337,0.3349,0.3329,0.3333,911509.7,1767200399999,304262.29640000,1485,449096.40000000,149995.70428000,0
2026-01-01 01:00:00,1767200400000,0.3333,0.3339,0.3323,0.333,601877.2,1767201299999,200464.93580000,1035,180807.30000000,60237.40167000,0
2026-01-01 01:15:00,1767201300000,0.3332,0.3354,0.3325,0.3348,573808.0,1767202199999,191822.20289000,930,343757.10000000,114931.36980000,0
2026-01-01 01:30:00,1767202200000,0.3349,0.3351,0.3327,0.3332,457062.8,1767203099999,152611.23882000,696,152926.40000000,51083.18637000,0
2026-01-01 01:45:00,1767203100000,0.3332,0.3337,0.3329,0.3335,200044.9,1767203999999,66673.30295000,488,90118.60000000,30037.73218000,0
2026-01-01 02:00:00,1767204000000,0.3336,0.3353,0.3328,0.335,515446.9,1767204899999,172227.47268000,1000,192020.40000000,64240.92140000,0
2026-01-01 02:15:00,1767204900000,0.335,0.3354,0.3335,0.334,532979.1,1767205799999,178180.52703000,797,279516.40000000,93448.68498000,0
2026-01-01 02:30:00,1767205800000,0.3339,0.3342,0.3334,0.3338,352847.9,1767206699999,117757.22502000,398,181361.90000000,60535.04530000,0
2026-01-01 02:45:00,1767206700000,0.3339,0.3339,0.3328,0.333,157268.0,1767207599999,52401.99977000,308,80825.70000000,26931.07772000,0
2026-01-01 03:00:00,1767207600000,0.3331,0.334,0.333,0.3333,214548.8,1767208499999,71565.81765000,265,189872.80000000,63335.37697000,0
2026-01-01 03:15:00,1767208500000,0.3333,0.3336,0.3328,0.3333,128384.6,1767209399999,42782.53246000,273,61926.40000000,20637.13121000,0
2026-01-01 03:30:00,1767209400000,0.3335,0.3337,0.3324,0.3328,214883.3,1767210299999,71600.93096000,452,83571.00000000,27842.99561000,0
2026-01-01 03:45:00,1767210300000,0.3328,0.333,0.3315,0.3318,486382.3,1767211199999,161627.15067000,904,296773.90000000,98631.21878000,0
2026-01-01 04:00:00,1767211200000,0.3318,0.3322,0.3301,0.3306,407849.9,1767212099999,135004.62831000,679,148856.60000000,49275.62524000,0
2026-01-01 04:15:00,1767212100000,0.3306,0.3324,0.3302,0.3315,242172.7,1767212999999,80246.85454000,429,107767.40000000,35720.21501000,0
2026-01-01 04:30:00,1767213000000,0.3314,0.3331,0.3312,0.333,242023.1,1767213899999,80377.73761000,342,98239.90000000,32618.83068000,0
2026-01-01 04:45:00,1767213900000,0.333,0.3341,0.3324,0.333,231266.2,1767214799999,77090.10050000,407,138361.90000000,46124.04854000,0
2026-01-01 05:00:00,1767214800000,0.3331,0.3339,0.333,0.3331,155109.0,1767215699999,51694.19920000,312,84262.40000000,28086.50185000,0
2026-01-01 05:15:00,1767215700000,0.3332,0.3335,0.3321,0.3324,198335.1,1767216599999,65947.92459000,287,88624.10000000,29483.44071000,0
2026-01-01 05:30:00,1767216600000,0.3324,0.3342,0.3324,0.3339,283877.8,1767217499999,94630.31455000,324,176289.90000000,58766.70118000,0
2026-01-01 05:45:00,1767217500000,0.334,0.3344,0.3332,0.3335,160933.2,1767218399999,53718.24607000,254,66496.00000000,22197.63631000,0
2026-01-01 06:00:00,1767218400000,0.3335,0.3336,0.332,0.3329,296573.8,1767219299999,98569.42556000,296,165703.50000000,55073.50459000,0
2026-01-01 06:15:00,1767219300000,0.3329,0.3335,0.3324,0.333,163885.7,1767220199999,54575.79131000,235,65943.80000000,21961.45303000,0
2026-01-01 06:30:00,1767220200000,0.3329,0.333,0.3321,0.3329,151445.0,1767221099999,50366.66127000,263,52212.70000000,17368.00090000,0
2026-01-01 06:45:00,1767221100000,0.3329,0.3333,0.3315,0.3325,967855.6,1767221999999,321780.52480000,512,278636.00000000,92812.53048000,0
2026-01-01 07:00:00,1767222000000,0.3324,0.3327,0.3316,0.3322,442842.8,1767222899999,147165.04491000,412,290294.10000000,96475.97426000,0
2026-01-01 07:15:00,1767222900000,0.3322,0.3331,0.3322,0.3329,214180.0,1767223799999,71234.31782000,299,131537.30000000,43751.77584000,0
2026-01-01 07:30:00,1767223800000,0.3329,0.3335,0.3324,0.3325,191906.1,1767224699999,63903.39922000,303,88995.70000000,29638.58963000,0
2026-01-01 07:45:00,1767224700000,0.3326,0.3332,0.3319,0.333,175432.3,1767225599999,58360.03297000,289,110820.10000000,36871.01409000,0
2026-01-01 08:00:00,1767225600000,0.3331,0.334,0.3329,0.3334,486326.5,1767226499999,162163.25496000,530,332715.10000000,110951.78666000,0
2026-01-01 08:15:00,1767226500000,0.3334,0.3344,0.3334,0.3344,248796.6,1767227399999,83097.47094000,334,120065.10000000,40104.99504000,0
2026-01-01 08:30:00,1767227400000,0.3344,0.3347,0.3338,0.3339,333687.8,1767228299999,111500.96744000,354,102829.40000000,34374.86208000,0
2026-01-01 08:45:00,1767228300000,0.3338,0.3344,0.3335,0.3336,101954.7,1767229199999,34043.07577000,186,68371.20000000,22829.96069000,0
2026-01-01 09:00:00,1767229200000,0.3336,0.3351,0.3336,0.3347,164675.8,1767230099999,55055.49632000,304,108632.00000000,36316.38830000,0
2026-01-01 09:15:00,1767230100000,0.3347,0.3348,0.3336,0.3337,129482.1,1767230999999,43258.03491000,208,62981.30000000,21026.67443000,0
2026-01-01 09:30:00,1767231000000,0.3337,0.3339,0.3323,0.3332,507915.2,1767231899999,169209.05327000,451,147341.10000000,49063.38206000,0
2026-01-01 09:45:00,1767231900000,0.3333,0.3335,0.3325,0.3327,198131.2,1767232799999,65984.06181000,238,61185.40000000,20372.57350000,0
2026-01-01 10:00:00,1767232800000,0.3328,0.3336,0.3326,0.3331,157173.5,1767233699999,52350.49895000,251,65683.30000000,21878.78725000,0
2026-01-01 10:15:00,1767233700000,0.3332,0.3335,0.3325,0.3327,91531.8,1767234599999,30485.80238000,161,46735.90000000,15563.55595000,0
2026-01-01 10:30:00,1767234600000,0.3326,0.3332,0.3323,0.3326,115093.6,1767235499999,38303.55343000,319,37041.80000000,12326.93699000,0
2026-01-01 10:45:00,1767235500000,0.3326,0.3326,0.3322,0.3322,215061.9,1767236399999,71486.25142000,271,95708.10000000,31815.60863000,0
2026-01-01 11:00:00,1767236400000,0.3323,0.3328,0.3319,0.3328,75916.9,1767237299999,25220.50073000,178,44587.90000000,14814.37629000,0
2026-01-01 11:15:00,1767237300000,0.3328,0.3331,0.3325,0.3331,114725.9,1767238199999,38189.45412000,392,40862.90000000,13604.03780000,0
2026-01-01 11:30:00,1767238200000,0.333,0.3334,0.3329,0.3331,80737.9,1767239099999,26901.72394000,118,56340.60000000,18773.90458000,0
2026-01-01 11:45:00,1767239100000,0.3329,0.3329,0.3322,0.3323,236889.8,1767239999999,78781.87813000,284,99357.90000000,33040.44477000,0
2026-01-01 12:00:00,1767240000000,0.3324,0.3325,0.3316,0.3318,118261.4,1767240899999,39269.86876000,202,62675.40000000,20821.87872000,0
2026-01-01 12:15:00,1767240900000,0.332,0.3324,0.3318,0.3323,71044.9,1767241799999,23587.45591000,173,39545.60000000,13132.18745000,0
2026-01-01 12:30:00,1767241800000,0.3324,0.3326,0.3319,0.3319,149082.9,1767242699999,49542.75397000,156,56229.80000000,18688.65864000,0
2026-01-01 12:45:00,1767242700000,0.3319,0.3323,0.3318,0.3319,102894.8,1767243599999,34176.56684000,162,60168.00000000,19986.81350000,0
2026-01-01 13:00:00,1767243600000,0.332,0.3338,0.332,0.3335,107125.4,1767244499999,35692.54728000,265,57623.30000000,19189.96285000,0
2026-01-01 13:15:00,1767244500000,0.3336,0.3351,0.3336,0.3347,309923.1,1767245399999,103662.39206000,422,202358.00000000,67684.95785000,0
2026-01-01 13:30:00,1767245400000,0.3348,0.3382,0.3344,0.3364,1085506.9,1767246299999,365124.10348000,1277,390490.40000000,131403.26063000,0
2026-01-01 13:45:00,1767246300000,0.3365,0.337,0.3358,0.3362,219985.9,1767247199999,73985.37207000,459,41552.50000000,13980.48229000,0
2026-01-01 14:00:00,1767247200000,0.3363,0.3366,0.3355,0.3359,102747.0,1767248099999,34520.91195000,205,36145.20000000,12144.43695000,0
2026-01-01 14:15:00,1767248100000,0.336,0.3363,0.3359,0.336,68408.2,1767248999999,22989.07076000,96,34775.50000000,11688.41586000,0
2026-01-01 14:30:00,1767249000000,0.336,0.3365,0.3359,0.3359,84579.9,1767249899999,28431.34437000,111,54885.90000000,18453.34302000,0
2026-01-01 14:45:00,1767249900000,0.3359,0.3362,0.3357,0.3359,116870.0,1767250799999,39260.14203000,171,77556.00000000,26055.21968000,0
2026-01-01 15:00:00,1767250800000,0.336,0.3379,0.336,0.3372,652612.1,1767251699999,219919.04613000,581,196593.70000000,66260.52201000,0
2026-01-01 15:15:00,1767251700000,0.3371,0.3374,0.3353,0.3354,128511.8,1767252599999,43298.16986000,157,45411.80000000,15306.73658000,0
2026-01-01 15:30:00,1767252600000,0.3356,0.3365,0.3356,0.3361,145116.8,1767253499999,48803.44701000,241,71095.50000000,23906.40857000,0
2026-01-01 15:45:00,1767253500000,0.3361,0.3365,0.336,0.3361,99299.5,1767254399999,33385.21635000,116,40128.10000000,13491.65439000,0
2026-01-01 16:00:00,1767254400000,0.336,0.337,0.3359,0.3364,67858.5,1767255299999,22836.04530000,176,43397.60000000,14606.48472000,0
2026-01-01 16:15:00,1767255300000,0.3364,0.3369,0.3363,0.3367,119992.5,1767256199999,40398.64463000,284,53897.60000000,18145.32709000,0
2026-01-01 16:30:00,1767256200000,0.3368,0.3374,0.3363,0.3365,60747.0,1767257099999,20471.71137000,133,31472.70000000,10608.31269000,0
2026-01-01 16:45:00,1767257100000,0.3366,0.3378,0.3366,0.3377,92136.0,1767257999999,31067.41616000,224,43485.30000000,14665.20071000,0
2026-01-01 17:00:00,1767258000000,0.3378,0.3405,0.3377,0.3398,532268.4,1767258899999,180661.22493000,863,352514.80000000,119634.64983000,0
2026-01-01 17:15:00,1767258900000,0.3398,0.3403,0.3389,0.3392,269790.9,1767259799999,91585.45179000,273,70328.10000000,23888.75465000,0
2026-01-01 17:30:00,1767259800000,0.3391,0.3397,0.339,0.3393,163243.0,1767260699999,55383.52002000,198,70473.30000000,23919.08631000,0
2026-01-01 17:45:00,1767260700000,0.3393,0.3393,0.3381,0.3384,98941.9,1767261599999,33500.07986000,245,19965.80000000,6763.16350000,0
2026-01-01 18:00:00,1767261600000,0.3385,0.3388,0.3382,0.3382,34821.3,1767262499999,11788.18703000,86,18142.70000000,6142.24652000,0
2026-01-01 18:15:00,1767262500000,0.3384,0.3389,0.3382,0.3388,82860.6,1767263399999,28064.65061000,150,55357.70000000,18755.04608000,0
2026-01-01 18:30:00,1767263400000,0.3389,0.339,0.3382,0.3384,147057.6,1767264299999,49792.45878000,166,37436.00000000,12680.80450000,0
2026-01-01 18:45:00,1767264300000,0.3384,0.3386,0.3381,0.3384,22902.4,1767265199999,7748.30136000,78,13729.80000000,4644.65449000,0
2026-01-01 19:00:00,1767265200000,0.3383,0.3393,0.3382,0.339,88101.4,1767266099999,29855.16103000,150,49326.20000000,16715.99414000,0
2026-01-01 19:15:00,1767266100000,0.3389,0.3394,0.3387,0.3392,126970.2,1767266999999,43054.15815000,245,64165.20000000,21754.89784000,0
2026-01-01 19:30:00,1767267000000,0.3393,0.3395,0.3391,0.3394,87239.6,1767267899999,29598.09096000,154,34647.40000000,11757.66055000,0
2026-01-01 19:45:00,1767267900000,0.3395,0.3404,0.3395,0.3403,127850.6,1767268799999,43457.92265000,318,67250.70000000,22858.88318000,0
2026-01-01 20:00:00,1767268800000,0.3403,0.3406,0.3397,0.3398,255160.3,1767269699999,86778.71285000,351,150569.90000000,51204.23105000,0
2026-01-01 20:15:00,1767269700000,0.3397,0.3399,0.3392,0.3394,197277.0,1767270599999,66998.27297000,434,108163.80000000,36743.00367000,0
2026-01-01 20:30:00,1767270600000,0.3395,0.3396,0.3389,0.3391,117769.5,1767271499999,39948.57875000,250,59093.90000000,20047.43136000,0
2026-01-01 20:45:00,1767271500000,0.3391,0.3396,0.339,0.3394,135084.3,1767272399999,45838.22148000,341,81965.10000000,27813.27306000,0
2026-01-01 21:00:00,1767272400000,0.3393,0.3404,0.3391,0.3401,164172.4,1767273299999,55781.18891000,238,98885.00000000,33596.78223000,0
2026-01-01 21:15:00,1767273300000,0.34,0.341,0.34,0.3406,240847.7,1767274199999,82013.72042000,423,110824.10000000,37737.51877000,0
2026-01-01 21:30:00,1767274200000,0.3406,0.3423,0.3404,0.3422,465160.7,1767275099999,158666.52754000,719,312863.50000000,106725.03345000,0
2026-01-01 21:45:00,1767275100000,0.3422,0.3425,0.3413,0.3422,222749.3,1767275999999,76162.87622000,482,123747.60000000,42317.99693000,0
2026-01-01 22:00:00,1767276000000,0.3423,0.3442,0.3418,0.344,517887.4,1767276899999,177611.66328000,789,285417.80000000,97901.88050000,0
2026-01-01 22:15:00,1767276900000,0.3439,0.3439,0.3419,0.3425,592428.5,1767277799999,203011.65600000,856,317915.30000000,108947.65632000,0
2026-01-01 22:30:00,1767277800000,0.3427,0.344,0.3421,0.3424,734635.3,1767278699999,251992.75576000,1042,493637.90000000,169339.08224000,0
2026-01-01 22:45:00,1767278700000,0.3424,0.3443,0.3421,0.3433,322459.8,1767279599999,110645.02514000,441,132096.30000000,45385.46923000,0
2026-01-01 23:00:00,1767279600000,0.3432,0.3433,0.3428,0.3432,298216.2,1767280499999,102308.66091000,372,156755.60000000,53779.39808000,0
2026-01-01 23:15:00,1767280500000,0.3432,0.3438,0.3429,0.3435,116316.4,1767281399999,39930.43434000,167,37138.60000000,12753.08878000,0
2026-01-01 23:30:00,1767281400000,0.3436,0.3473,0.3434,0.3459,1782795.4,1767282299999,615159.43363000,1779,491625.60000000,169825.85253000,0
2026-01-01 23:45:00,1767282300000,0.3459,0.349,0.3458,0.3468,646592.1,1767283199999,224508.50582000,1055,250850.00000000,87076.43116000,0
2026-01-02 00:00:00,1767283200000,0.3468,0.3479,0.3453,0.3463,704418.4,1767284099999,244343.97812000,1040,425093.40000000,147463.79784000,0
2026-01-02 00:15:00,1767284100000,0.3464,0.3479,0.3452,0.3475,1010134.2,1767284999999,349778.09360000,1799,690219.60000000,238986.34181000,0
2026-01-02 00:30:00,1767285000000,0.3474,0.3485,0.3471,0.3476,397806.4,1767285899999,138403.87760000,786,213472.20000000,74271.88420000,0
2026-01-02 00:45:00,1767285900000,0.3476,0.3482,0.3474,0.3482,489230.8,1767286799999,170138.69047000,525,326149.30000000,113431.27223000,0
2026-01-02 01:00:00,1767286800000,0.3482,0.35,0.3479,0.3499,503457.4,1767287699999,175891.18110000,813,221284.00000000,77342.50678000,0
2026-01-02 01:15:00,1767287700000,0.35,0.3513,0.3494,0.3507,607234.1,1767288599999,212680.19999000,751,214854.10000000,75268.01155000,0
2026-01-02 01:30:00,1767288600000,0.3508,0.3531,0.3508,0.3516,737829.8,1767289499999,259744.53024000,1095,373965.80000000,131641.17884000,0
2026-01-02 01:45:00,1767289500000,0.3515,0.3529,0.3503,0.3511,536895.4,1767290399999,188741.05339000,712,228775.30000000,80483.15579000,0
2026-01-02 02:00:00,1767290400000,0.3512,0.3524,0.35,0.3502,535747.0,1767291299999,188129.11859000,668,220648.30000000,77552.13415000,0
2026-01-02 02:15:00,1767291300000,0.3501,0.3511,0.3495,0.3497,319687.5,1767292199999,111936.46787000,470,178921.20000000,62666.38896000,0
2026-01-02 02:30:00,1767292200000,0.3496,0.3507,0.3495,0.3507,223614.7,1767293099999,78327.79942000,266,71788.70000000,25141.47752000,0
2026-01-02 02:45:00,1767293100000,0.3506,0.3515,0.3505,0.3512,181773.4,1767293999999,63828.51070000,313,69451.50000000,24390.29699000,0
2026-01-02 03:00:00,1767294000000,0.3513,0.3524,0.3513,0.3519,425108.0,1767294899999,149595.44592000,479,182837.40000000,64358.98490000,0
2026-01-02 03:15:00,1767294900000,0.3519,0.3525,0.3518,0.3522,146421.4,1767295799999,51571.77478000,216,65293.30000000,22998.12573000,0
2026-01-02 03:30:00,1767295800000,0.3523,0.3543,0.3519,0.3539,568197.1,1767296699999,200785.56243000,794,313500.00000000,110823.43184000,0
2026-01-02 03:45:00,1767296700000,0.3538,0.3579,0.3532,0.3576,607921.9,1767297599999,216258.21792000,1042,350483.10000000,124658.40853000,0
2026-01-02 04:00:00,1767297600000,0.3576,0.3603,0.3576,0.3583,785732.4,1767298499999,281866.24139000,1425,488490.70000000,175275.80219000,0
2026-01-02 04:15:00,1767298500000,0.3583,0.3585,0.3563,0.3566,816779.0,1767299399999,291887.32126000,893,306084.60000000,109457.90898000,0
2026-01-02 04:30:00,1767299400000,0.3566,0.3566,0.3551,0.3558,814485.3,1767300299999,289638.57375000,988,500802.70000000,178098.93951000,0
2026-01-02 04:45:00,1767300300000,0.3558,0.3568,0.3557,0.3565,190998.4,1767301199999,68066.28335000,405,85126.60000000,30330.96498000,0
2026-01-02 05:00:00,1767301200000,0.3566,0.3572,0.3555,0.3555,431566.2,1767302099999,153768.07771000,483,170691.80000000,60840.55298000,0
2026-01-02 05:15:00,1767302100000,0.3557,0.3564,0.3555,0.356,99333.1,1767302999999,35363.86096000,192,62013.10000000,22073.61248000,0
2026-01-02 05:30:00,1767303000000,0.3559,0.3564,0.3555,0.3557,163592.3,1767303899999,58226.14441000,318,79502.40000000,28301.77990000,0
2026-01-02 05:45:00,1767303900000,0.3556,0.3568,0.3555,0.3556,460155.5,1767304799999,163982.82887000,543,301385.10000000,107433.67083000,0
2026-01-02 06:00:00,1767304800000,0.3556,0.3576,0.3556,0.3567,319137.6,1767305699999,113870.19745000,555,178834.80000000,63791.90521000,0
2026-01-02 06:15:00,1767305700000,0.3568,0.3569,0.3555,0.3563,154926.8,1767306599999,55183.51988000,275,60762.40000000,21646.16720000,0
2026-01-02 06:30:00,1767306600000,0.3563,0.3566,0.355,0.3558,126689.6,1767307499999,45057.72331000,240,25404.20000000,9036.40614000,0
2026-01-02 06:45:00,1767307500000,0.3559,0.3576,0.3558,0.3574,138829.3,1767308399999,49555.30734000,328,98854.50000000,35286.70037000,0
2026-01-02 07:00:00,1767308400000,0.3575,0.3582,0.3565,0.3566,234540.1,1767309299999,83842.15158000,508,158149.30000000,56538.41453000,0
2026-01-02 07:15:00,1767309300000,0.3566,0.3574,0.3565,0.3566,108296.2,1767310199999,38651.48662000,170,76095.20000000,27161.02369000,0
2026-01-02 07:30:00,1767310200000,0.3566,0.3571,0.3563,0.3566,232904.0,1767311099999,83067.25248000,599,139629.60000000,49805.32309000,0
2026-01-02 07:45:00,1767311100000,0.3568,0.3569,0.356,0.3561,200109.2,1767311999999,71271.23655000,287,92500.40000000,32952.93984000,0
2026-01-02 08:00:00,1767312000000,0.3561,0.3567,0.3556,0.3564,208411.7,1767312899999,74196.39684000,380,99953.10000000,35593.16997000,0
2026-01-02 08:15:00,1767312900000,0.3564,0.3572,0.3558,0.356,245491.7,1767313799999,87494.47588000,308,168191.50000000,59957.99353000,0
2026-01-02 08:30:00,1767313800000,0.356,0.356,0.3542,0.355,308047.1,1767314699999,109345.38440000,477,161602.20000000,57367.90275000,0
2026-01-02 08:45:00,1767314700000,0.355,0.3558,0.3549,0.3558,221755.5,1767315599999,78786.70523000,360,119584.10000000,42492.66189000,0
2026-01-02 09:00:00,1767315600000,0.3559,0.3564,0.355,0.3553,128088.5,1767316499999,45566.19188000,206,47568.40000000,16926.48613000,0
2026-01-02 09:15:00,1767316500000,0.3553,0.3569,0.355,0.3569,89386.6,1767317399999,31846.17348000,230,46443.70000000,16543.77510000,0
2026-01-02 09:30:00,1767317400000,0.3569,0.357,0.3561,0.3565,111967.2,1767318299999,39917.27341000,184,48323.50000000,17222.71628000,0
2026-01-02 09:45:00,1767318300000,0.3564,0.3566,0.3556,0.356,72672.6,1767319199999,25878.76844000,108,35212.20000000,12541.36172000,0
2026-01-02 10:00:00,1767319200000,0.356,0.356,0.3552,0.3558,99927.1,1767320099999,35543.39938000,151,35727.10000000,12707.47557000,0
2026-01-02 10:15:00,1767320100000,0.3559,0.3562,0.3553,0.3556,109397.6,1767320999999,38922.43889000,256,45610.20000000,16230.88969000,0
2026-01-02 10:30:00,1767321000000,0.3557,0.3567,0.3557,0.3566,126180.6,1767321899999,44945.17609000,203,63980.60000000,22793.81198000,0
2026-01-02 10:45:00,1767321900000,0.3565,0.3584,0.3565,0.3578,105412.6,1767322799999,37713.11842000,267,32561.40000000,11653.27423000,0
2026-01-02 11:00:00,1767322800000,0.358,0.3597,0.3577,0.3596,171243.5,1767323699999,61430.24472000,406,70746.40000000,25380.70153000,0
2026-01-02 11:15:00,1767323700000,0.3598,0.3601,0.3587,0.3591,349116.0,1767324599999,125556.29661000,487,138079.50000000,49671.63281000,0
2026-01-02 11:30:00,1767324600000,0.3591,0.3626,0.3591,0.3612,912140.7,1767325499999,329350.56553000,1125,484629.80000000,175040.76080000,0
2026-01-02 11:45:00,1767325500000,0.3612,0.3631,0.361,0.3619,396068.9,1767326399999,143398.26436000,691,159282.00000000,57665.49858000,0
2026-01-02 12:00:00,1767326400000,0.362,0.3637,0.3612,0.3617,320615.1,1767327299999,116221.29232000,605,162586.60000000,58949.75972000,0
2026-01-02 12:15:00,1767327300000,0.3617,0.3618,0.3585,0.3594,483293.0,1767328199999,173915.81557000,731,169531.30000000,60980.84360000,0
2026-01-02 12:30:00,1767328200000,0.3595,0.3606,0.3592,0.3593,289490.5,1767329099999,104113.90338000,440,54879.00000000,19755.55598000,0
2026-01-02 12:45:00,1767329100000,0.3592,0.3608,0.3589,0.3596,429497.1,1767329999999,154608.78457000,595,224249.40000000,80739.40184000,0
2026-01-02 13:00:00,1767330000000,0.3595,0.3596,0.3588,0.3589,141519.4,1767330899999,50834.04102000,214,54874.00000000,19718.72598000,0
2026-01-02 13:15:00,1767330900000,0.3589,0.3591,0.3568,0.3572,272356.2,1767331799999,97386.79320000,477,107941.80000000,38603.80025000,0
2026-01-02 13:30:00,1767331800000,0.3571,0.3578,0.357,0.3578,72504.7,1767332699999,25917.31593000,163,30953.00000000,11065.07461000,0
2026-01-02 13:45:00,1767332700000,0.3579,0.3582,0.3572,0.3578,46986.1,1767333599999,16808.71760000,140,11862.30000000,4244.34121000,0
2026-01-02 14:00:00,1767333600000,0.3578,0.3581,0.3574,0.3574,73832.2,1767334499999,26420.98421000,211,24059.00000000,8610.20722000,0
2026-01-02 14:15:00,1767334500000,0.3574,0.3582,0.3569,0.358,55901.6,1767335399999,19983.06429000,143,27291.10000000,9753.55955000,0
2026-01-02 14:30:00,1767335400000,0.358,0.3587,0.3576,0.3582,125114.9,1767336299999,44798.86406000,248,65450.60000000,23439.34033000,0
2026-01-02 14:45:00,1767336300000,0.3584,0.3585,0.3576,0.3578,58250.8,1767337199999,20860.42895000,171,26337.80000000,9431.87834000,0
2026-01-02 15:00:00,1767337200000,0.3579,0.3581,0.3574,0.3578,167384.6,1767338099999,59887.39634000,229,36175.70000000,12943.72644000,0
2026-01-02 15:15:00,1767338100000,0.3577,0.3577,0.3557,0.356,174737.6,1767338999999,62305.66328000,337,75680.00000000,26976.06206000,0
2026-01-02 15:30:00,1767339000000,0.356,0.356,0.355,0.3552,88981.6,1767339899999,31631.28875000,188,60788.10000000,21614.48557000,0
2026-01-02 15:45:00,1767339900000,0.3554,0.3557,0.3551,0.3551,94154.1,1767340799999,33466.93717000,148,42354.30000000,15058.59430000,0
2026-01-02 16:00:00,1767340800000,0.3553,0.3575,0.3553,0.3569,279395.2,1767341699999,99562.07332000,409,191492.90000000,68235.27169000,0
2026-01-02 16:15:00,1767341700000,0.357,0.357,0.3563,0.3564,66732.5,1767342599999,23801.93444000,127,39897.50000000,14231.68949000,0
2026-01-02 16:30:00,1767342600000,0.3563,0.3567,0.3558,0.3562,87690.1,1767343499999,31236.75162000,156,39026.30000000,13904.51960000,0
2026-01-02 16:45:00,1767343500000,0.3562,0.3574,0.3562,0.3574,88987.5,1767344399999,31747.70715000,208,51704.50000000,18448.34052000,0
2026-01-02 17:00:00,1767344400000,0.3574,0.3593,0.3569,0.3583,335690.8,1767345299999,120189.59560000,529,136524.30000000,48908.01998000,0
2026-01-02 17:15:00,1767345300000,0.3585,0.3599,0.3573,0.3592,247411.7,1767346199999,88709.38055000,484,151063.80000000,54193.28036000,0
2026-01-02 17:30:00,1767346200000,0.359,0.3625,0.3589,0.3623,388440.7,1767347099999,139892.42586000,600,152539.20000000,54942.52179000,0
2026-01-02 17:45:00,1767347100000,0.3623,0.3673,0.3616,0.3647,3315337.2,1767347999999,1207947.89144000,3282,2193490.10000000,799100.58989000,0
2026-01-02 18:00:00,1767348000000,0.3647,0.3667,0.3645,0.3655,3535636.5,1767348899999,1290733.76439000,3374,2835252.10000000,1034960.60578000,0
2026-01-02 18:15:00,1767348900000,0.3655,0.3663,0.3633,0.3638,2998763.9,1767349799999,1094602.91899000,3525,2296490.00000000,838358.51029000,0
2026-01-02 18:30:00,1767349800000,0.3639,0.3647,0.3635,0.3636,370315.7,1767350699999,134893.76259000,498,267232.80000000,97358.31076000,0
2026-01-02 18:45:00,1767350700000,0.3637,0.3648,0.3636,0.3643,318346.3,1767351599999,115976.36233000,773,229166.70000000,83500.98757000,0
2026-01-02 19:00:00,1767351600000,0.3643,0.3644,0.3623,0.3625,292650.2,1767352499999,106288.55185000,678,176306.80000000,64025.60976000,0
2026-01-02 19:15:00,1767352500000,0.3624,0.3629,0.3609,0.361,552246.1,1767353399999,199953.39087000,724,286414.60000000,103711.98340000,0
2026-01-02 19:30:00,1767353400000,0.3611,0.3618,0.3596,0.3604,485514.1,1767354299999,175073.33433000,733,202223.80000000,72969.69859000,0
2026-01-02 19:45:00,1767354300000,0.3604,0.3608,0.3593,0.3603,153824.6,1767355199999,55374.80182000,333,64010.60000000,23039.00555000,0
2026-01-02 20:00:00,1767355200000,0.3605,0.3608,0.3601,0.3605,140666.1,1767356099999,50701.63196000,294,90540.30000000,32634.66292000,0
2026-01-02 20:15:00,1767356100000,0.3605,0.3611,0.3582,0.3603,596771.3,1767356999999,214587.46238000,925,285856.70000000,102792.65998000,0
2026-01-02 20:30:00,1767357000000,0.3604,0.3643,0.3601,0.3643,461814.9,1767357899999,167533.05538000,842,166019.00000000,60249.51390000,0
2026-01-02 20:45:00,1767357900000,0.3643,0.3645,0.3635,0.3642,224036.2,1767358799999,81518.74400000,398,139469.90000000,50749.22437000,0
2026-01-02 21:00:00,1767358800000,0.364,0.3642,0.363,0.364,214366.9,1767359699999,77904.97868000,390,84575.10000000,30739.45293000,0
2026-01-02 21:15:00,1767359700000,0.3642,0.3654,0.3637,0.3647,578100.8,1767360599999,210800.96390000,810,315357.80000000,114972.03958000,0
2026-01-02 21:30:00,1767360600000,0.3647,0.3657,0.3643,0.3656,369126.8,1767361499999,134721.17518000,479,193006.50000000,70450.10416000,0
2026-01-02 21:45:00,1767361500000,0.3655,0.366,0.3637,0.3643,493939.2,1767362399999,180242.76292000,541,311946.00000000,113861.32979000,0
2026-01-02 22:00:00,1767362400000,0.3643,0.3653,0.3637,0.3641,261134.3,1767363299999,95208.02713000,571,160124.10000000,58392.96651000,0
2026-01-02 22:15:00,1767363300000,0.3641,0.3645,0.3608,0.3635,726667.9,1767364199999,263163.78237000,1073,325806.90000000,118071.13594000,0
2026-01-02 22:30:00,1767364200000,0.3634,0.3674,0.3606,0.366,3226435.4,1767365099999,1179528.23393000,3287,2407326.40000000,880161.96447000,0
2026-01-02 22:45:00,1767365100000,0.3659,0.3704,0.3646,0.368,8167605.9,1767365999999,2999034.76024000,8164,6341759.80000000,2328066.24531000,0
2026-01-02 23:00:00,1767366000000,0.3681,0.3699,0.3669,0.3678,1069688.8,1767366899999,394371.25114000,2698,569044.60000000,209765.57774000,0
2026-01-02 23:15:00,1767366900000,0.3676,0.369,0.3649,0.3676,550309.7,1767367799999,201776.67337000,1217,333527.30000000,122304.96655000,0
2026-01-02 23:30:00,1767367800000,0.3676,0.374,0.3672,0.374,979451.3,1767368699999,363913.26292000,1864,603294.50000000,224252.30501000,0
2026-01-02 23:45:00,1767368700000,0.3739,0.3744,0.3705,0.3715,771428.8,1767369599999,287360.60318000,1509,412162.40000000,153593.08951000,0
2026-01-03 00:00:00,1767369600000,0.3715,0.3755,0.3714,0.3751,873584.7,1767370499999,326255.17913000,1484,452615.30000000,169091.87776000,0
2026-01-03 00:15:00,1767370500000,0.375,0.3803,0.3747,0.3796,1176881.3,1767371399999,444091.76853000,2213,670645.70000000,253137.42197000,0
2026-01-03 00:30:00,1767371400000,0.3797,0.3864,0.3796,0.384,2676553.7,1767372299999,1026387.02840000,4700,1494619.20000000,573264.68164000,0
2026-01-03 00:45:00,1767372300000,0.3841,0.3891,0.383,0.3888,1609883.9,1767373199999,622590.29463000,2782,869931.40000000,336479.04819000,0
2026-01-03 01:00:00,1767373200000,0.3889,0.3934,0.3873,0.3891,1938057.3,1767374099999,756245.03178000,3342,807357.00000000,315007.98648000,0
2026-01-03 01:15:00,1767374100000,0.389,0.3916,0.3883,0.3889,910655.3,1767374999999,355290.89067000,1583,497920.60000000,194305.09825000,0
2026-01-03 01:30:00,1767375000000,0.3891,0.3895,0.3866,0.3879,815332.5,1767375899999,315814.48185000,1349,244203.20000000,94627.48035000,0
2026-01-03 01:45:00,1767375900000,0.3879,0.389,0.3865,0.3886,378141.3,1767376799999,146753.18957000,915,204926.50000000,79524.65238000,0
2026-01-03 02:00:00,1767376800000,0.3885,0.3894,0.3863,0.3872,453386.1,1767377699999,175737.34000000,930,229390.40000000,88921.65882000,0
2026-01-03 02:15:00,1767377700000,0.3873,0.3884,0.3862,0.3866,685234.7,1767378599999,265341.60775000,1281,453512.20000000,175641.16873000,0
2026-01-03 02:30:00,1767378600000,0.3866,0.3866,0.3838,0.3841,747107.1,1767379499999,287377.86713000,1691,363073.10000000,139642.74974000,0
2026-01-03 02:45:00,1767379500000,0.384,0.3849,0.3804,0.3818,835384.2,1767380399999,319463.20860000,1259,526552.00000000,201372.52470000,0
2026-01-03 03:00:00,1767380400000,0.3819,0.384,0.3813,0.3838,461082.8,1767381299999,176568.49815000,843,260465.30000000,99724.87969000,0
2026-01-03 03:15:00,1767381300000,0.3838,0.3873,0.3837,0.3864,683098.4,1767382199999,263276.83629000,1065,356612.30000000,137409.23911000,0
2026-01-03 03:30:00,1767382200000,0.3865,0.3889,0.3862,0.3879,462974.0,1767383099999,179544.36471000,724,167040.80000000,64781.32549000,0
2026-01-03 03:45:00,1767383100000,0.3879,0.3888,0.3874,0.3882,267363.7,1767383999999,103750.35999000,484,127932.40000000,49659.01892000,0
2026-01-03 04:00:00,1767384000000,0.3884,0.3891,0.3876,0.3887,348891.8,1767384899999,135420.96156000,551,198606.50000000,77092.77670000,0
2026-01-03 04:15:00,1767384900000,0.3886,0.3887,0.3866,0.3879,249525.4,1767385799999,96713.62349000,495,143421.10000000,55584.97052000,0
2026-01-03 04:30:00,1767385800000,0.388,0.3883,0.3867,0.3877,190361.9,1767386699999,73736.71288000,327,79702.80000000,30877.57558000,0
2026-01-03 04:45:00,1767386700000,0.3876,0.3878,0.3846,0.3857,1151482.0,1767387599999,443838.19333000,1326,509136.00000000,196171.89069000,0
2026-01-03 05:00:00,1767387600000,0.3859,0.3874,0.3857,0.3874,340587.5,1767388499999,131593.30129000,992,207325.90000000,80094.69744000,0
2026-01-03 05:15:00,1767388500000,0.3874,0.3891,0.3871,0.3888,436153.0,1767389399999,169171.17615000,1217,265243.40000000,102842.42834000,0
2026-01-03 05:30:00,1767389400000,0.3889,0.3901,0.3884,0.3888,308772.4,1767390299999,120222.32471000,615,175653.90000000,68401.92519000,0
2026-01-03 05:45:00,1767390300000,0.3887,0.3913,0.3886,0.3903,534972.6,1767391199999,208756.64873000,771,313759.60000000,122423.11585000,0
2026-01-03 06:00:00,1767391200000,0.3904,0.3927,0.3896,0.3905,689334.8,1767392099999,269719.66558000,1284,341927.70000000,133788.59299000,0
2026-01-03 06:15:00,1767392100000,0.3906,0.3921,0.3903,0.3916,207316.0,1767392999999,81101.48534000,415,104850.40000000,41027.40544000,0
2026-01-03 06:30:00,1767393000000,0.3915,0.3944,0.3915,0.3933,649400.1,1767393899999,255238.53098000,1110,308939.70000000,121416.78597000,0
2026-01-03 06:45:00,1767393900000,0.3937,0.3961,0.3935,0.3944,579332.3,1767394799999,228656.04048000,1037,328989.20000000,129867.63057000,0
2026-01-03 07:00:00,1767394800000,0.3944,0.3944,0.3925,0.3939,213233.8,1767395699999,83876.64175000,687,134456.30000000,52877.52923000,0
2026-01-03 07:15:00,1767395700000,0.394,0.396,0.394,0.3954,281080.6,1767396599999,111048.95431000,603,138376.70000000,54660.22508000,0
2026-01-03 07:30:00,1767396600000,0.3954,0.396,0.3936,0.3936,266584.7,1767397499999,105262.89486000,553,140152.60000000,55324.24498000,0
2026-01-03 07:45:00,1767397500000,0.3936,0.3948,0.3928,0.3948,283768.0,1767398399999,111651.67185000,473,119386.90000000,46990.17615000,0
2026-01-03 08:00:00,1767398400000,0.3948,0.3977,0.3948,0.3974,642710.8,1767399299999,254838.96664000,1255,342862.00000000,135943.03569000,0
2026-01-03 08:15:00,1767399300000,0.3974,0.3989,0.3949,0.3967,1577606.8,1767400199999,624784.59585000,2326,1109479.80000000,439083.56461000,0
2026-01-03 08:30:00,1767400200000,0.3966,0.3973,0.3943,0.3959,767808.7,1767401099999,303998.26861000,1199,322194.40000000,127693.30516000,0
2026-01-03 08:45:00,1767401100000,0.3959,0.3962,0.3945,0.3946,150582.3,1767401999999,59567.26952000,329,82920.30000000,32809.22138000,0
2026-01-03 09:00:00,1767402000000,0.3945,0.3958,0.3937,0.3958,287269.3,1767402899999,113383.18693000,591,185018.20000000,73055.59048000,0
2026-01-03 09:15:00,1767402900000,0.3958,0.3961,0.3927,0.393,248173.4,1767403799999,97693.54858000,625,108844.90000000,42842.42845000,0
2026-01-03 09:30:00,1767403800000,0.393,0.3946,0.3923,0.3938,199788.3,1767404699999,78544.94792000,407,92660.10000000,36445.53922000,0
2026-01-03 09:45:00,1767404700000,0.394,0.3943,0.393,0.3937,212822.5,1767405599999,83764.95420000,299,121014.60000000,47653.17329000,0
2026-01-03 10:00:00,1767405600000,0.3936,0.3936,0.3914,0.392,340944.3,1767406499999,133757.55691000,925,167468.00000000,65713.15421000,0
2026-01-03 10:15:00,1767406500000,0.3919,0.3947,0.3913,0.3944,335376.9,1767407399999,131618.72087000,458,126876.50000000,49810.82864000,0
2026-01-03 10:30:00,1767407400000,0.3944,0.395,0.3937,0.3949,193292.8,1767408299999,76225.78262000,432,123697.60000000,48778.77516000,0
2026-01-03 10:45:00,1767408300000,0.3951,0.397,0.395,0.3965,157168.6,1767409199999,62277.20914000,403,72401.40000000,28690.86518000,0
2026-01-03 11:00:00,1767409200000,0.3965,0.3969,0.3948,0.3949,156584.1,1767410099999,61952.97581000,377,36561.30000000,14464.17808000,0
2026-01-03 11:15:00,1767410100000,0.3951,0.3957,0.3939,0.3949,154393.8,1767410999999,60985.43946000,324,86496.00000000,34167.70804000,0
2026-01-03 11:30:00,1767411000000,0.3949,0.3978,0.3949,0.3974,173580.7,1767411899999,68852.38762000,499,84546.70000000,33540.55032000,0
2026-01-03 11:45:00,1767411900000,0.3974,0.3988,0.3971,0.3982,120107.7,1767412799999,47801.52925000,421,71055.80000000,28271.45144000,0
2026-01-03 12:00:00,1767412800000,0.3981,0.3987,0.3968,0.3968,205899.2,1767413699999,81930.81141000,468,88282.30000000,35134.26468000,0
2026-01-03 12:15:00,1767413700000,0.3968,0.3977,0.3966,0.3977,69038.3,1767414599999,27410.93462000,173,37769.70000000,14993.95015000,0
2026-01-03 12:30:00,1767414600000,0.3977,0.3986,0.3959,0.396,217427.3,1767415499999,86324.25614000,403,56209.40000000,22327.69916000,0
2026-01-03 12:45:00,1767415500000,0.3962,0.3972,0.3961,0.3972,59759.0,1767416399999,23704.36496000,217,32916.60000000,13057.17281000,0
2026-01-03 13:00:00,1767416400000,0.3972,0.3983,0.3962,0.3965,185940.2,1767417299999,73856.24962000,388,58694.40000000,23323.67856000,0
2026-01-03 13:15:00,1767417300000,0.3965,0.3966,0.3946,0.3948,243485.9,1767418199999,96299.98458000,428,102899.30000000,40685.99568000,0
2026-01-03 13:30:00,1767418200000,0.3948,0.3949,0.3924,0.3926,191173.3,1767419099999,75233.97968000,543,70461.40000000,27734.14095000,0
2026-01-03 13:45:00,1767419100000,0.3927,0.3934,0.3922,0.3929,153385.8,1767419999999,60228.35667000,335,54196.80000000,21284.91985000,0
2026-01-03 14:00:00,1767420000000,0.3928,0.3949,0.3927,0.3948,212225.3,1767420899999,83550.37912000,373,143741.00000000,56595.10574000,0
2026-01-03 14:15:00,1767420900000,0.3947,0.395,0.3929,0.3931,215915.8,1767421799999,85041.06905000,416,109667.90000000,43187.21626000,0
2026-01-03 14:30:00,1767421800000,0.393,0.394,0.3903,0.3904,307120.4,1767422699999,120280.21562000,701,104442.60000000,40925.19083000,0
2026-01-03 14:45:00,1767422700000,0.3904,0.3913,0.3893,0.3906,289164.7,1767423599999,112840.26448000,567,115606.80000000,45096.43260000,0
2026-01-03 15:00:00,1767423600000,0.3905,0.3919,0.3888,0.3888,446291.2,1767424499999,174082.64529000,728,218197.30000000,85140.56419000,0
2026-01-03 15:15:00,1767424500000,0.3888,0.3891,0.3839,0.3842,1108165.1,1767425399999,427675.11722000,2010,498958.20000000,192540.53341000,0
2026-01-03 15:30:00,1767425400000,0.3841,0.3859,0.3829,0.385,368481.0,1767426299999,141691.65163000,831,200788.40000000,77231.60508000,0
2026-01-03 15:45:00,1767426300000,0.3849,0.3855,0.3838,0.3842,382393.4,1767427199999,146934.48004000,893,184600.20000000,70945.26013000,0
2026-01-03 16:00:00,1767427200000,0.3841,0.3858,0.3826,0.3847,267521.9,1767428099999,102773.21612000,570,145322.90000000,55846.43145000,0
2026-01-03 16:15:00,1767428100000,0.3848,0.3853,0.3845,0.3852,41488.5,1767428999999,15975.49856000,62,32684.80000000,12585.38052000,0
